year,par,cf1,cf2,cf3
2015,E388646,0,0,0
2015,E389815,0,0,0
2015,E389564,0,0,0
2015,E395519,0,0,0
2015,E390004,0,0,0
2015,2545931,0,0,0
2015,E394506,19,0,0
2015,E391393,0,0,0
2015,E391982,0,0,0
2015,E392202,0,0,0
2015,E392488,0,0,0
2015,E393717,0,0,0
2015,E397403,0,0,0
2015,E394848,0,0,0
2015,E393927,0,0,0
2015,E394224,0,0,0
2015,E394721,23,0,0
2015,E394834,0,0,0
2015,E395872,0,0,0
2015,E395384,0,0,0
2015,E397554,0,0,0
2015,E395434,15,0,0
2015,E395451,0,0,0
2015,E395558,0,0,0
2015,3468949,0,0,0
2015,E395955,0,0,0
2015,E396019,0,0,0
2015,E394586,0,0,0
2015,E396307,0,0,0
2015,E397160,0,0,0
2015,3575106,0,0,0
2015,3652192,0,0,0
2015,3360360,0,0,0
2015,2753689,0,0,0
2015,E391450,0,0,0
2015,3492996,0,0,0
2015,E392420,0,0,0
2015,E397611,0,0,0
2015,E398236,0,0,0
2015,E399762,0,0,0
2015,E400046,0,0,0
2015,E403226,0,0,0
2015,E402770,0,0,0
2015,E401307,0,0,0
2015,E401502,0,0,0
2015,E402786,0,0,0
2015,E402160,0,0,0
2015,E407476,0,0,0
2015,E402980,0,0,0
2015,E402936,0,0,0
2015,E402451,0,0,0
2015,E402649,0,0,0
2015,3698476,0,0,0
2015,E403371,0,0,0
2015,E403801,0,0,0
2015,E404882,0,0,0
2015,E404822,0,0,0
2015,3158466,0,0,0
2015,E403859,0,0,0
2015,2948595,0,0,0
2015,0IR1500,0,0,0
2015,E407377,0,0,0
2015,E405071,0,0,0
2015,E406918,0,0,0
2015,E410194,0,0,0
2015,E406246,0,0,0
2015,E409530,0,0,0
2015,E405625,0,0,0
2015,E410373,0,0,0
2015,E408965,0,0,0
2015,E409431,0,0,0
2015,E408340,0,0,0
2015,E406697,0,0,0
2015,E413348,0,0,0
2015,E407307,0,0,0
2015,E407803,0,0,0
2015,E408304,0,0,0
2015,E412814,0,0,0
2015,2545845,20,0,0
2015,E409906,0,0,0
2015,E411995,0,0,0
2015,E411012,0,0,0
2015,2545846,0,0,0
2015,E412078,0,0,0
2015,E417508,0,0,0
2015,E411865,0,0,0
2015,E413325,0,0,0
2015,E412191,0,0,0
2015,E406675,0,0,0
2015,E412892,0,0,0
2015,3475107,0,0,0
2015,E422001,0,0,0
2015,E413113,0,0,0
2015,E414325,0,0,0
2015,E413437,0,0,0
2015,E416858,0,0,0
2015,2545847,0,0,0
2015,E415291,0,0,0
2015,E414918,19,0,0
2015,3683128,0,0,0
2015,E416862,0,0,0
2015,E417457,0,0,0
2015,E417379,0,0,0
2015,E420142,0,0,0
2015,E417581,0,0,0
2015,E417907,0,0,0
2015,E418493,0,0,0
2015,E419095,0,0,0
2015,E425975,0,0,0
2015,3714128,0,0,0
2015,2909004,0,0,0
2015,3301295,0,0,0
2015,E426005,0,0,0
2015,E423249,0,0,0
2015,E414607,0,0,0
2015,3428048,0,0,0
2015,E419710,0,0,0
2015,E420482,0,0,0
2015,3720454,0,0,0
2015,E422029,0,0,0
2015,E423253,0,0,0
2015,E423919,0,0,0
2015,E429392,0,0,0
2015,E428399,0,0,0
2015,3076072,0,0,0
2015,E423768,0,0,0
2015,E424009,0,0,0
2015,E423554,0,0,0
2015,E407371,0,0,0
2015,E430387,0,0,0
2015,E423885,20,0,0
2015,E423889,0,0,0
2015,E425491,0,0,0
2015,E427327,0,0,0
2015,E430515,0,0,0
2015,E425383,0,0,0
2015,E425504,0,0,0
2015,E425534,0,0,0
2015,E428111,0,0,0
2015,E427164,0,0,0
2015,E427768,0,0,0
2015,E429790,0,0,0
2015,2545848,0,0,0
2015,E431146,0,0,0
2015,2569111,0,0,0
2015,E427774,0,0,0
2015,E433504,0,0,0
2015,E430913,19,0,0
2015,E431782,0,0,0
2015,E431215,0,0,0
2015,E432908,0,0,0
2015,E432837,0,0,0
2015,E433026,0,0,0
2015,E433479,0,0,0
2015,E434034,0,0,0
2015,3683127,0,0,0
2015,E434422,0,0,0
2015,E435317,0,0,0
2015,E436211,0,0,0
2015,E434526,0,0,0
2015,E434264,0,0,0
2015,E434789,0,0,0
2015,E435713,20,0,0
2015,E435249,18,0,0
2015,E400218,0,0,0
2015,E403048,0,0,0
2015,3653201,0,0,0
2015,3641239,0,0,0
2015,E415140,0,0,0
2015,E440794,0,0,0
2015,E442880,0,0,0
2015,E428983,0,0,0
2015,E423073,0,0,0
2015,E437850,0,0,0
2015,E439322,0,0,0
2015,3359239,0,0,0
2015,E437340,0,0,0
2015,E439771,0,0,0
2015,E435561,0,0,0
2015,3074201,0,0,0
2015,E435983,0,0,0
2015,E436471,0,0,0
2015,E439497,0,0,0
2015,E429846,0,0,0
2015,E439420,23,0,0
2015,E440726,0,0,0
2015,E437837,0,0,0
2015,E437903,0,0,0
2015,E440114,0,0,0
2015,E437324,0,0,0
2015,3503413,0,0,0
2015,E438384,0,0,0
2015,E438970,0,0,0
2015,E438683,0,0,0
2015,E440165,0,0,0
2015,3118669,0,0,0
2015,E443503,0,0,0
2015,E440053,0,0,0
2015,E436946,0,0,0
2015,E438961,0,0,0
2015,E440223,0,0,0
2015,E442058,0,0,0
2015,E441186,0,0,0
2015,E441410,0,0,0
2015,E441931,0,0,0
2015,E440082,0,0,0
2015,E440292,0,0,0
2015,E441830,0,0,0
2015,E440077,0,0,0
2015,E440340,0,0,0
2015,3322030,0,0,0
2015,E440836,0,0,0
2015,E442732,0,0,0
2015,E442177,0,0,0
2015,E442293,0,0,0
2015,E443042,0,0,0
2015,E443157,0,0,0
2015,3731251,0,0,0
2015,E451619,0,0,0
2015,E445503,0,0,0
2015,E446127,0,0,0
2015,E442987,0,0,0
2015,E448517,0,0,0
2015,E445188,0,0,0
2015,E445501,0,0,0
2015,E447258,0,0,0
2015,E451370,0,0,0
2015,E446280,0,0,0
2015,E453755,0,0,0
2015,E425792,0,0,0
2015,E445543,0,0,0
2015,E435763,0,0,0
2015,E455304,0,0,0
2015,E444825,0,0,0
2015,E445392,0,0,0
2015,E455886,0,0,0
2015,E446372,0,0,0
2015,E443123,0,0,0
2015,E445454,0,0,0
2015,E446323,0,0,0
2015,E446914,0,0,0
2015,E448045,0,0,0
2015,3528332,0,0,0
2015,E450155,0,0,0
2015,E451581,0,0,0
2015,E451574,0,0,0
2015,E412964,0,0,0
2015,3594040,0,0,0
2015,E443718,0,0,0
2015,E450608,0,0,0
2015,E451740,0,0,0
2015,E452744,0,0,0
2015,E449078,0,0,0
2015,E450719,0,0,0
2015,E449206,0,0,0
2015,E449707,0,0,0
2015,E448727,0,0,0
2015,E453450,0,0,0
2015,E449000,0,0,0
2015,E450761,0,0,0
2015,E449390,0,0,0
2015,E455245,0,0,0
2015,E453684,0,0,0
2015,E453177,0,0,0
2015,3695446,0,0,0
2015,E456398,0,0,0
2015,E450513,0,0,0
2015,E452675,23,0,0
2015,E451277,0,0,0
2015,E451448,0,0,0
2015,E453275,0,0,0
2015,E453398,0,0,0
2015,E461491,0,0,0
2015,E453040,0,0,0
2015,E454970,0,0,0
2015,E452868,0,0,0
2015,E453904,0,0,0
2015,E455032,0,0,0
2015,E454960,0,0,0
2015,E453038,0,0,0
2015,E453237,0,0,0
2015,E457372,0,0,0
2015,E454323,0,0,0
2015,E454972,0,0,0
2015,E456683,0,0,0
2015,E456913,0,0,0
2015,E453202,0,0,0
2015,E456856,0,0,0
2015,3569553,0,0,0
2015,E455749,0,0,0
2015,E455593,0,0,0
2015,E460731,0,0,0
2015,E457009,0,0,0
2015,E457323,0,0,0
2015,E459583,0,0,0
2015,E457228,0,0,0
2015,E457954,0,0,0
2015,E462455,0,0,0
2015,E461115,0,0,0
2015,E435786,0,0,0
2015,E457924,0,0,0
2015,E461429,0,0,0
2015,E426280,0,0,0
2015,E443981,0,0,0
2015,3066739,0,0,0
2015,E458654,0,0,0
2015,E460713,0,0,0
2015,E458879,0,0,0
2015,E460163,0,0,0
2015,E459555,0,0,0
2015,3733812,0,0,0
2015,E459366,0,0,0
2015,E459887,0,0,0
2015,E460478,0,0,0
2015,E459649,0,0,0
2015,E461257,0,0,0
2015,E461069,0,0,0
2015,E463679,0,0,0
2015,E461613,0,0,0
2015,3659318,0,0,0
2015,E461496,0,0,0
2015,E460101,0,0,0
2015,E464113,0,0,0
2015,E461256,0,0,0
2015,E462184,0,0,0
2015,E462030,0,0,0
2015,E451963,0,0,0
2015,3725864,0,0,0
2015,E461907,0,0,0
2015,E462148,0,0,0
2015,E463494,0,0,0
2015,E465188,0,0,0
2015,3048566,0,0,0
2015,E431292,0,0,0
2015,E460973,0,0,0
2015,E489789,0,0,0
2015,E464092,0,0,0
2015,E466792,20,0,0
2015,E461614,0,0,0
2015,E463341,0,0,0
2015,E462099,0,0,0
2015,E463610,0,0,0
2015,3346523,0,0,0
2015,3672722,0,0,0
2015,3732834,0,0,0
2015,E464426,0,0,0
2015,E462625,0,0,0
2015,E463191,0,0,0
2015,E463921,0,0,0
2015,E464932,0,0,0
2015,E464026,0,0,0
2015,E460147,0,0,0
2015,E460613,0,0,0
2015,E467232,0,0,0
2015,E466672,0,0,0
2015,E466359,0,0,0
2015,E468809,0,0,0
2015,3703661,0,0,0
2015,E466252,0,0,0
2015,E466411,0,0,0
2015,E465607,0,0,0
2015,E467907,0,0,0
2015,E465367,0,0,0
2015,E466042,0,0,0
2015,E479920,0,0,0
2015,E467054,0,0,0
2015,E467212,0,0,0
2015,E471755,0,0,0
2015,E466494,0,0,0
2015,3687820,0,0,0
2015,E467929,0,0,0
2015,E472095,0,0,0
2015,E470543,0,0,0
2015,E470613,0,0,0
2015,E472843,0,0,0
2015,E475513,0,0,0
2015,E469430,0,0,0
2015,E469183,0,0,0
2015,E470164,0,0,0
2015,E471390,0,0,0
2015,E471720,0,0,0
2015,E474210,0,0,0
2015,E475209,0,0,0
2015,E472127,0,0,0
2015,E471181,0,0,0
2015,E470465,0,0,0
2015,E489283,14,0,0
2015,E472564,0,0,0
2015,E495356,0,0,0
2015,E472630,0,0,0
2015,E473028,0,0,0
2015,E472516,0,0,0
2015,E458020,0,0,0
2015,E474687,0,0,0
2015,E472766,0,0,0
2015,E491545,0,0,0
2015,E474462,0,0,0
2015,E474636,0,0,0
2015,E476811,0,0,0
2015,E476080,0,0,0
2015,E476262,0,0,0
2015,E476403,0,0,0
2015,E476359,0,0,0
2015,E478588,0,0,0
2015,E477236,0,0,0
2015,E477451,0,0,0
2015,E486356,0,0,0
2015,E493847,0,0,0
2015,E480104,0,0,0
2015,E480603,0,0,0
2015,3122482,0,0,0
2015,E481538,0,0,0
2015,E481058,0,0,0
2015,E481763,0,0,0
2015,E479889,0,0,0
2015,E487296,0,0,0
2015,E481410,0,0,0
2015,E481954,0,0,0
2015,E480419,0,0,0
2015,E480331,0,0,0
2015,E480334,0,0,0
2015,E480333,0,0,0
2015,E482499,0,0,0
2015,E483871,0,0,0
2015,E480742,0,0,0
2015,E483853,0,0,0
2015,E481586,0,0,0
2015,E481697,0,0,0
2015,E483957,0,0,0
2015,E483232,0,0,0
2015,E483757,0,0,0
2015,E485127,0,0,0
2015,E483980,0,0,0
2015,E488732,0,0,0
2015,E485504,0,0,0
2015,E484165,0,0,0
2015,E484298,0,0,0
2015,E485845,0,0,0
2015,3603030,0,0,0
2015,E474844,0,0,0
2015,E503377,0,0,0
2015,3726138,0,0,0
2015,E484106,16,23,0
2015,E495558,0,0,0
2015,E484756,0,0,0
2015,E485266,0,0,0
2015,E486156,0,0,0
2015,3615678,0,0,0
2015,E488728,0,0,0
2015,E491704,0,0,0
2015,E486373,0,0,0
2015,3048713,0,0,0
2015,E491745,0,0,0
2015,E489184,0,0,0
2015,E489809,0,0,0
2015,3720686,23,24,0
2015,E489581,0,0,0
2015,E491678,0,0,0
2015,3702810,0,0,0
2015,E491331,0,0,0
2015,E490720,0,0,0
2015,E492833,0,0,0
2015,E492647,0,0,0
2015,E496040,0,0,0
2015,E494558,0,0,0
2015,E493944,0,0,0
2015,E494915,0,0,0
2015,E492824,0,0,0
2015,3666318,0,0,0
2015,E495228,0,0,0
2015,E494913,23,0,0
2015,E496577,0,0,0
2015,3791486,0,0,0
2015,E495929,0,0,0
2015,E500672,0,0,0
2015,E497277,0,0,0
2015,E496135,0,0,0
2015,E496895,0,0,0
2015,E499975,0,0,0
2015,E499956,0,0,0
2015,E500057,0,0,0
2015,E499446,0,0,0
2015,E503017,0,0,0
2015,E499803,0,0,0
2015,E499802,0,0,0
2015,E499569,0,0,0
2015,E502683,0,0,0
2015,E502939,0,0,0
2015,E501492,0,0,0
2015,E503344,0,0,0
2015,3738327,0,0,0
2015,E484310,0,0,0
2015,00D30NO,0,0,0
2015,E443358,0,0,0
2015,E454816,0,0,0
2015,E426666,0,0,0
2015,E535357,0,0,0
2015,E580343,0,0,0
2015,E600345,0,0,0
2016,E500620,0,0,0
2016,E502165,0,0,0
2016,E502377,0,0,0
2016,3698940,0,0,0
2016,E502343,0,0,0
2016,E503334,0,0,0
2016,E504624,0,0,0
2016,E507699,0,0,0
2016,E504479,0,0,0
2016,E506682,0,0,0
2016,E508420,0,0,0
2016,E509669,0,0,0
2016,E509827,15,0,0
2016,E506251,0,0,0
2016,E506679,0,0,0
2016,E508085,0,0,0
2016,E508852,0,0,0
2016,E509807,0,0,0
2016,E513744,0,0,0
2016,E510204,0,0,0
2016,E510070,0,0,0
2016,E511662,0,0,0
2016,E515105,0,0,0
2016,E512107,0,0,0
2016,E516166,0,0,0
2016,E512964,0,0,0
2016,E517229,0,0,0
2016,3121941,0,0,0
2016,E515804,0,0,0
2016,E518655,0,0,0
2016,E513758,0,0,0
2016,E516001,0,0,0
2016,E516633,0,0,0
2016,E515442,0,0,0
2016,E517488,0,0,0
2016,E516287,0,0,0
2016,E518588,0,0,0
2016,E515506,0,0,0
2016,E516078,0,0,0
2016,E517864,0,0,0
2016,E519201,0,0,0
2016,E519182,0,0,0
2016,E519778,0,0,0
2016,E518747,0,0,0
2016,E519118,0,0,0
2016,E522121,0,0,0
2016,E523502,0,0,0
2016,E520360,0,0,0
2016,E521589,0,0,0
2016,E519917,0,0,0
2016,E521559,23,0,0
2016,E520518,0,0,0
2016,E522122,0,0,0
2016,E523202,0,0,0
2016,E523026,0,0,0
2016,E524915,0,0,0
2016,E524685,0,0,0
2016,E524944,0,0,0
2016,E524284,0,0,0
2016,E524667,0,0,0
2016,E524010,0,0,0
2016,E524865,0,0,0
2016,E526487,0,0,0
2016,E525955,0,0,0
2016,E526286,0,0,0
2016,E527934,23,0,0
2016,E527417,0,0,0
2016,E526903,0,0,0
2016,E528111,0,0,0
2016,3386411,0,0,0
2016,E527239,0,0,0
2016,E525801,0,0,0
2016,E526000,0,0,0
2016,E526884,0,0,0
2016,3790458,0,0,0
2016,E527039,0,0,0
2016,E528500,0,0,0
2016,E533218,0,0,0
2016,E516764,0,0,0
2016,E528779,0,0,0
2016,E531362,0,0,0
2016,E527490,0,0,0
2016,3735352,0,0,0
2016,E533737,0,0,0
2016,E531288,0,0,0
2016,E529095,0,0,0
2016,E537674,0,0,0
2016,E539526,0,0,0
2016,2868069,0,0,0
2016,E529241,0,0,0
2016,E531998,28,0,0
2016,E529696,0,0,0
2016,E531033,0,0,0
2016,E531233,0,0,0
2016,E531452,0,0,0
2016,E534282,0,0,0
2016,E530609,0,0,0
2016,E531130,0,0,0
2016,E533108,0,0,0
2016,3321596,0,0,0
2016,E532833,0,0,0
2016,E532886,23,0,0
2016,E533222,0,0,0
2016,E533988,0,0,0
2016,E533186,0,0,0
2016,E534844,23,0,0
2016,E536627,0,0,0
2016,E531108,19,0,0
2016,3780577,20,0,0
2016,E535020,0,0,0
2016,E536096,0,0,0
2016,E543745,0,0,0
2016,E535599,0,0,0
2016,E537533,0,0,0
2016,E538415,0,0,0
2016,E536576,0,0,0
2016,E536844,0,0,0
2016,E536042,0,0,0
2016,E538003,0,0,0
2016,E538283,0,0,0
2016,E537796,0,0,0
2016,E540022,0,0,0
2016,E538328,0,0,0
2016,E538253,0,0,0
2016,E540212,0,0,0
2016,E539200,0,0,0
2016,E540810,0,0,0
2016,E539847,0,0,0
2016,E540294,0,0,0
2016,E547733,0,0,0
2016,E542393,0,0,0
2016,E541989,0,0,0
2016,E541364,0,0,0
2016,E540373,0,0,0
2016,E541873,0,0,0
2016,E541805,0,0,0
2016,E542725,0,0,0
2016,E543743,0,0,0
2016,E545097,0,0,0
2016,E543244,0,0,0
2016,E543907,0,0,0
2016,E544153,0,0,0
2016,E542744,0,0,0
2016,E544670,0,0,0
2016,E544286,0,0,0
2016,E544552,0,0,0
2016,3631477,0,0,0
2016,E525196,20,0,0
2016,E552522,0,0,0
2016,E546939,0,0,0
2016,E546809,0,0,0
2016,E547399,0,0,0
2016,E548071,0,0,0
2016,E547998,0,0,0
2016,E547163,0,0,0
2016,E549362,0,0,0
2016,E549352,0,0,0
2016,E527330,0,0,0
2016,E540473,0,0,0
2016,3704527,0,0,0
2016,3659473,0,0,0
2016,3695721,0,0,0
2016,E550847,0,0,0
2016,E558650,0,0,0
2016,E554337,0,0,0
2016,E559072,0,0,0
2016,E551883,0,0,0
2016,E554426,0,0,0
2016,E559903,0,0,0
2016,E553382,28,0,0
2016,3660656,0,0,0
2016,E550639,0,0,0
2016,E552304,0,0,0
2016,E552940,0,0,0
2016,E552486,0,0,0
2016,E554098,0,0,0
2016,E559174,0,0,0
2016,E556176,0,0,0
2016,E553571,0,0,0
2016,E554367,0,0,0
2016,E553849,0,0,0
2016,E557793,0,0,0
2016,E558296,0,0,0
2016,E555136,0,0,0
2016,E555363,0,0,0
2016,E557130,0,0,0
2016,E555797,0,0,0
2016,E555553,0,0,0
2016,E556582,0,0,0
2016,E557133,0,0,0
2016,E560523,0,0,0
2016,E556269,0,0,0
2016,E557846,0,0,0
2016,E561175,0,0,0
2016,E561169,0,0,0
2016,E561897,0,0,0
2016,E558148,0,0,0
2016,E557828,0,0,0
2016,E559339,0,0,0
2016,E557381,0,0,0
2016,E561465,0,0,0
2016,E555085,0,0,0
2016,E559015,0,0,0
2016,E559457,0,0,0
2016,E513024,0,0,0
2016,E518543,0,0,0
2016,E528789,0,0,0
2016,E529936,0,0,0
2016,3566057,0,0,0
2016,3602435,0,0,0
2016,3740059,0,0,0
2016,E550835,0,0,0
2016,E563666,0,0,0
2016,E567319,0,0,0
2016,E561060,0,0,0
2016,E558197,0,0,0
2016,E557639,14,0,0
2016,E560237,0,0,0
2016,E560213,0,0,0
2016,E569970,0,0,0
2016,E560711,0,0,0
2016,E560700,0,0,0
2016,E561278,0,0,0
2016,E564446,0,0,0
2016,E564462,0,0,0
2016,E561943,0,0,0
2016,E563398,0,0,0
2016,E564435,0,0,0
2016,3695372,0,0,0
2016,E563397,0,0,0
2016,E568024,0,0,0
2016,E563889,0,0,0
2016,E565642,14,0,0
2016,E568869,0,0,0
2016,E566445,0,0,0
2016,E566002,0,0,0
2016,E564714,0,0,0
2016,E566938,0,0,0
2016,E564043,0,0,0
2016,E574355,0,0,0
2016,E565539,0,0,0
2016,E565793,0,0,0
2016,E557457,0,0,0
2016,E566511,0,0,0
2016,E568162,0,0,0
2016,E566710,0,0,0
2016,E568534,0,0,0
2016,E571244,0,0,0
2016,E570186,0,0,0
2016,2985910,0,0,0
2016,E567082,0,0,0
2016,E567045,0,0,0
2016,E551192,0,0,0
2016,E567205,0,0,0
2016,E568789,0,0,0
2016,E567828,0,0,0
2016,E568674,0,0,0
2016,E567855,0,0,0
2016,E572694,0,0,0
2016,E570022,0,0,0
2016,E575873,0,0,0
2016,E569763,0,0,0
2016,E569463,0,0,0
2016,3698610,0,0,0
2016,E572127,0,0,0
2016,E574076,0,0,0
2016,E564578,0,0,0
2016,E568949,0,0,0
2016,E572252,0,0,0
2016,E573381,0,0,0
2016,E575571,0,0,0
2016,3633624,0,0,0
2016,E570381,0,0,0
2016,E571446,0,0,0
2016,E575717,0,0,0
2016,E570984,0,0,0
2016,E574599,0,0,0
2016,E576898,0,0,0
2016,E571919,0,0,0
2016,E575021,0,0,0
2016,E581963,0,0,0
2016,E573367,0,0,0
2016,E573895,0,0,0
2016,E573713,0,0,0
2016,E577494,0,0,0
2016,E574081,0,0,0
2016,E574719,0,0,0
2016,E574471,0,0,0
2016,E582718,0,0,0
2016,E575070,0,0,0
2016,E575259,0,0,0
2016,E578660,0,0,0
2016,E579942,0,0,0
2016,E578356,0,0,0
2016,E576696,0,0,0
2016,E576904,0,0,0
2016,E572662,0,0,0
2016,E577626,0,0,0
2016,E577214,0,0,0
2016,E587766,27,0,0
2016,E580290,0,0,0
2016,E579782,0,0,0
2016,E575609,0,0,0
2016,E579001,0,0,0
2016,E581658,0,0,0
2016,E579471,0,0,0
2016,E578641,0,0,0
2016,E583101,0,0,0
2016,E577849,0,0,0
2016,E580190,0,0,0
2016,3727593,0,0,0
2016,E579074,0,0,0
2016,E581098,0,0,0
2016,E581362,0,0,0
2016,3121634,0,0,0
2016,E580726,0,0,0
2016,3783113,0,0,0
2016,E577458,0,0,0
2016,E575653,0,0,0
2016,E589973,0,0,0
2016,E581900,0,0,0
2016,E587509,0,0,0
2016,E581568,0,0,0
2016,E581605,0,0,0
2016,E588457,0,0,0
2016,E582179,0,0,0
2016,E582640,0,0,0
2016,E582553,0,0,0
2016,E583239,0,0,0
2016,E582853,0,0,0
2016,E586464,0,0,0
2016,E587832,0,0,0
2016,E583567,0,0,0
2016,E585145,0,0,0
2016,E587344,0,0,0
2016,E583659,0,0,0
2016,3754542,0,0,0
2016,E593836,0,0,0
2016,E584861,0,0,0
2016,E586601,0,0,0
2016,E586368,0,0,0
2016,E585999,0,0,0
2016,E585929,0,0,0
2016,3730683,0,0,0
2016,E586734,0,0,0
2016,E586714,0,0,0
2016,3687384,0,0,0
2016,E587219,0,0,0
2016,E587461,0,0,0
2016,E587600,0,0,0
2016,E583887,0,0,0
2016,E587709,0,0,0
2016,E588424,0,0,0
2016,E596599,0,0,0
2016,E590434,0,0,0
2016,E589294,0,0,0
2016,E590351,0,0,0
2016,E591217,0,0,0
2016,E589176,0,0,0
2016,3787337,0,0,0
2016,E589704,0,0,0
2016,E590411,0,0,0
2016,E591300,0,0,0
2016,E591420,0,0,0
2016,E591906,0,0,0
2016,E592086,0,0,0
2016,E592979,0,0,0
2016,3771396,0,0,0
2016,E590212,0,0,0
2016,2532620,0,0,0
2016,E589981,0,0,0
2016,E586070,0,0,0
2016,E593939,0,0,0
2016,E594272,0,0,0
2016,E602883,0,0,0
2016,E579310,0,0,0
2016,3660802,0,0,0
2016,E594545,0,0,0
2016,E593630,0,0,0
2016,E594994,0,0,0
2016,E611212,0,0,0
2016,E595129,0,0,0
2016,E598712,15,0,0
2016,E607941,0,0,0
2016,E597456,0,0,0
2016,E598435,0,0,0
2016,E590944,0,0,0
2016,E599002,0,0,0
2016,E597840,0,0,0
2016,E599506,0,0,0
2016,E600217,19,0,0
2016,E596775,0,0,0
2016,E599312,0,0,0
2016,E599891,0,0,0
2016,E591866,0,0,0
2016,E602830,0,0,0
2016,E599430,19,0,0
2016,3782914,0,0,0
2016,E600165,0,0,0
2016,E600553,0,0,0
2016,E601156,0,0,0
2016,E602340,0,0,0
2016,E601593,20,0,0
2016,E604973,0,0,0
2016,3594372,0,0,0
2016,E605084,0,0,0
2016,E600396,0,0,0
2016,0881428,0,0,0
2016,E603561,0,0,0
2016,E606173,0,0,0
2016,E602915,0,0,0
2016,E604789,0,0,0
2016,E605156,0,0,0
2016,E606860,0,0,0
2016,E605750,0,0,0
2016,E606085,0,0,0
2016,E606815,0,0,0
2016,E608641,0,0,0
2016,E612723,19,0,0
2016,E610935,0,0,0
2016,E612242,0,0,0
2016,2709955,0,0,0
2016,E608420,0,0,0
2016,E609075,0,0,0
2016,3660826,0,0,0
2016,E609768,0,0,0
2016,E547432,0,0,0
2016,E610409,0,0,0
2016,E613628,0,0,0
2016,3695449,0,0,0
2016,E611481,0,0,0
2016,3762456,15,0,0
2016,3762903,0,0,0
2016,E612519,0,0,0
2016,E612812,0,0,0
2016,E612838,0,0,0
2016,E613322,0,0,0
2016,E613109,0,0,0
2016,E613352,0,0,0
2016,E616329,0,0,0
2016,E613873,0,0,0
2016,E614347,0,0,0
2016,E615359,0,0,0
2016,3762454,0,0,0
2016,E612306,0,0,0
2016,E614186,14,0,0
2016,E610618,0,0,0
2016,3660837,0,0,0
2016,E613133,0,0,0
2016,E611944,19,0,0
2016,E620947,0,0,0
2016,E620522,0,0,0
2016,E609869,0,0,0
2016,E621170,0,0,0
2016,E609251,0,0,0
2016,3040606,0,0,0
2016,3714180,0,0,0
2016,E615519,0,0,0
2016,E615739,0,0,0
2016,E594537,0,0,0
2016,E616270,0,0,0
2016,E616603,0,0,0
2016,E616850,0,0,0
2016,E617304,0,0,0
2016,E618321,0,0,0
2016,E618500,0,0,0
2016,E616327,0,0,0
2016,E619129,0,0,0
2016,E622190,0,0,0
2016,E620173,20,0,0
2016,3692671,0,0,0
2016,E621617,0,0,0
2016,E623065,0,0,0
2016,E624606,0,0,0
2016,E621363,0,0,0
2016,E622050,0,0,0
2016,E638023,0,0,0
2016,E622747,0,0,0
2016,E622955,0,0,0
2016,E626437,0,0,0
2016,E626113,0,0,0
2016,E623752,0,0,0
2016,E624121,0,0,0
2016,E625168,0,0,0
2016,3786796,20,0,0
2016,E624899,0,0,0
2016,E624953,0,0,0
2016,E622322,0,0,0
2016,E626412,0,0,0
2016,E628336,0,0,0
2016,E625414,0,0,0
2016,E625892,0,0,0
2016,3747630,0,0,0
2016,E621039,0,0,0
2016,E624438,0,0,0
2016,E626368,0,0,0
2016,2653506,0,0,0
2016,E630316,0,0,0
2016,E628367,0,0,0
2016,3679176,0,0,0
2016,E631333,0,0,0
2016,3660780,0,0,0
2016,E589327,0,0,0
2016,E591872,0,0,0
2017,E628946,0,0,0
2017,E627989,0,0,0
2017,3747633,0,0,0
2017,E628691,0,0,0
2017,3746306,0,0,0
2017,E629178,0,0,0
2017,E629981,0,0,0
2017,E632204,0,0,0
2017,E632128,0,0,0
2017,E630209,0,0,0
2017,E631317,0,0,0
2017,E630362,0,0,0
2017,E631092,0,0,0
2017,E631425,0,0,0
2017,E632347,0,0,0
2017,E634438,0,0,0
2017,E631960,0,0,0
2017,E634659,0,0,0
2017,E633291,0,0,0
2017,E634199,19,0,0
2017,E635015,0,0,0
2017,E634599,0,0,0
2017,E634770,0,0,0
2017,E634964,0,0,0
2017,E635844,0,0,0
2017,E636880,0,0,0
2017,E636871,0,0,0
2017,E636762,0,0,0
2017,E638169,0,0,0
2017,E636978,0,0,0
2017,E636017,0,0,0
2017,E637343,0,0,0
2017,E631434,0,0,0
2017,E637961,0,0,0
2017,3753857,0,0,0
2017,E635532,0,0,0
2017,E638933,0,0,0
2017,E633587,0,0,0
2017,E648561,0,0,0
2017,E642159,0,0,0
2017,E639820,0,0,0
2017,E643131,0,0,0
2017,E638895,0,0,0
2017,E639471,0,0,0
2017,E643622,0,0,0
2017,3762437,0,0,0
2017,3762593,0,0,0
2017,E641865,0,0,0
2017,E640687,0,0,0
2017,E650617,0,0,0
2017,E641243,0,0,0
2017,E644790,0,0,0
2017,E642403,0,0,0
2017,3398254,0,0,0
2017,E643387,0,0,0
2017,E645429,0,0,0
2017,E643606,0,0,0
2017,E644403,0,0,0
2017,E644607,0,0,0
2017,E645035,0,0,0
2017,E643918,0,0,0
2017,E645622,0,0,0
2017,E645754,0,0,0
2017,E644437,0,0,0
2017,E645821,0,0,0
2017,E646985,0,0,0
2017,E649217,0,0,0
2017,E647382,0,0,0
2017,E649721,0,0,0
2017,E644231,0,0,0
2017,E649147,0,0,0
2017,E649502,0,0,0
2017,E648586,0,0,0
2017,E647658,0,0,0
2017,E649722,0,0,0
2017,E650969,0,0,0
2017,E654055,0,0,0
2017,E651585,0,0,0
2017,E654251,0,0,0
2017,3574458,0,0,0
2017,E652776,0,0,0
2017,E653002,0,0,0
2017,E655807,0,0,0
2017,E657194,0,0,0
2017,E656264,0,0,0
2017,E654164,0,0,0
2017,E654450,0,0,0
2017,E657038,0,0,0
2017,E659377,0,0,0
2017,E658130,0,0,0
2017,E657949,0,0,0
2017,E658363,0,0,0
2017,E658391,0,0,0
2017,3659614,0,0,0
2017,E656985,14,0,0
2017,E658576,0,0,0
2017,E659938,0,0,0
2017,E664562,0,0,0
2017,E661229,0,0,0
2017,E656882,0,0,0
2017,E659803,0,0,0
2017,E650683,0,0,0
2017,E664237,0,0,0
2017,E660527,0,0,0
2017,E660629,0,0,0
2017,E661945,0,0,0
2017,E663323,0,0,0
2017,E660637,0,0,0
2017,E660182,0,0,0
2017,E662427,0,0,0
2017,E663461,0,0,0
2017,E663918,0,0,0
2017,E664778,0,0,0
2017,3579208,0,0,0
2017,E664738,0,0,0
2017,E664744,0,0,0
2017,E670177,0,0,0
2017,E667256,0,0,0
2017,E665546,0,0,0
2017,E666024,0,0,0
2017,E667720,0,0,0
2017,E664546,0,0,0
2017,3789307,0,0,0
2017,E666917,0,0,0
2017,E667292,0,0,0
2017,E667400,0,0,0
2017,3743459,0,0,0
2017,E668849,0,0,0
2017,3759251,0,0,0
2017,3123056,0,0,0
2017,E668067,0,0,0
2017,E669124,0,0,0
2017,E668467,0,0,0
2017,E671342,0,0,0
2017,E670168,0,0,0
2017,E669280,0,0,0
2017,E674098,0,0,0
2017,E669260,0,0,0
2017,E673190,0,0,0
2017,E672966,0,0,0
2017,E672920,23,0,0
2017,E671087,0,0,0
2017,E676815,0,0,0
2017,E671245,0,0,0
2017,E671874,0,0,0
2017,E678121,0,0,0
2017,E678394,0,0,0
2017,E680077,0,0,0
2017,E674423,0,0,0
2017,E680840,0,0,0
2017,E673343,0,0,0
2017,E672155,0,0,0
2017,E673372,0,0,0
2017,E673801,0,0,0
2017,E674040,0,0,0
2017,E674804,0,0,0
2017,E679491,0,0,0
2017,E674810,0,0,0
2017,E675079,0,0,0
2017,E676481,0,0,0
2017,E631361,0,0,0
2017,E633166,0,0,0
2017,E641274,0,0,0
2017,E645038,0,0,0
2017,E645790,0,0,0
2017,E656405,0,0,0
2017,3694126,0,0,0
2017,E659247,0,0,0
2017,E661438,0,0,0
2017,000TECH,0,0,0
2017,3769457,0,0,0
2017,E680633,0,0,0
2017,E683891,0,0,0
2017,E677481,0,0,0
2017,3630656,0,0,0
2017,E680679,0,0,0
2017,3751757,0,0,0
2017,E677398,0,0,0
2017,E677443,0,0,0
2017,E677561,0,0,0
2017,E677587,14,0,0
2017,E678568,0,0,0
2017,3766555,0,0,0
2017,E680244,0,0,0
2017,E679497,0,0,0
2017,E673996,0,0,0
2017,E677673,0,0,0
2017,E678581,0,0,0
2017,E681956,0,0,0
2017,E680052,0,0,0
2017,E681995,0,0,0
2017,E681707,0,0,0
2017,E683693,0,0,0
2017,E685421,0,0,0
2017,E682134,0,0,0
2017,E684232,0,0,0
2017,E710630,0,0,0
2017,E685651,0,0,0
2017,E686753,0,0,0
2017,E685188,28,0,0
2017,E684437,23,0,0
2017,E683774,0,0,0
2017,E683703,0,0,0
2017,E683961,0,0,0
2017,E685220,0,0,0
2017,E693720,0,0,0
2017,E688516,0,0,0
2017,E688196,0,0,0
2017,3790610,0,0,0
2017,E686046,0,0,0
2017,E687092,0,0,0
2017,E687465,0,0,0
2017,E688425,0,0,0
2017,E688194,0,0,0
2017,E690034,0,0,0
2017,E688983,0,0,0
2017,E689120,14,20,0
2017,E685649,0,0,0
2017,3660781,0,0,0
2017,E686545,0,0,0
2017,E687349,0,0,0
2017,E687419,0,0,0
2017,E687652,0,0,0
2017,E687665,0,0,0
2017,E689355,0,0,0
2017,E689913,0,0,0
2017,E688738,0,0,0
2017,E690706,0,0,0
2017,E689811,0,0,0
2017,E690227,0,0,0
2017,E690047,0,0,0
2017,E690560,0,0,0
2017,E694233,0,0,0
2017,E690054,0,0,0
2017,E691853,0,0,0
2017,E691997,0,0,0
2017,E688682,14,0,0
2017,E688750,0,0,0
2017,E692509,0,0,0
2017,E689336,0,0,0
2017,E690033,0,0,0
2017,E690820,0,0,0
2017,E692354,0,0,0
2017,E692481,20,0,0
2017,E693189,0,0,0
2017,E700188,0,0,0
2017,E696354,0,0,0
2017,E701014,0,0,0
2017,E693783,0,0,0
2017,E695733,0,0,0
2017,E694162,0,0,0
2017,E694418,0,0,0
2017,E694798,0,0,0
2017,E695061,0,0,0
2017,3660803,0,0,0
2017,E695441,0,0,0
2017,E697132,0,0,0
2017,E695839,0,0,0
2017,E696573,20,0,0
2017,E695748,0,0,0
2017,E696023,0,0,0
2017,E696171,0,0,0
2017,E696362,0,0,0
2017,E697690,0,0,0
2017,E697493,0,0,0
2017,E697697,0,0,0
2017,E697769,0,0,0
2017,E698122,0,0,0
2017,E697816,0,0,0
2017,E693779,0,0,0
2017,E697830,0,0,0
2017,E697117,0,0,0
2017,E690507,0,0,0
2017,E712979,0,0,0
2017,E714882,0,0,0
2017,E718658,0,0,0
2017,E688347,0,0,0
2017,3722441,0,0,0
2017,E688984,0,0,0
2017,E697630,0,0,0
2017,E697700,0,0,0
2017,E697740,0,0,0
2017,E698792,0,0,0
2017,E694387,0,0,0
2017,E695985,0,0,0
2017,3764477,0,0,0
2017,E699342,0,0,0
2017,E699986,0,0,0
2017,3764489,0,0,0
2017,E700076,0,0,0
2017,E700637,0,0,0
2017,E701231,0,0,0
2017,E702879,0,0,0
2017,E700463,0,0,0
2017,3659694,0,0,0
2017,E700409,0,0,0
2017,E703191,0,0,0
2017,E704326,0,0,0
2017,E698484,0,0,0
2017,E703810,0,0,0
2017,E704620,0,0,0
2017,E702924,14,0,0
2017,E706379,0,0,0
2017,E700452,0,0,0
2017,E703741,0,0,0
2017,E704024,0,0,0
2017,E703950,0,0,0
2017,E705153,0,0,0
2017,E706112,14,0,0
2017,E704187,0,0,0
2017,E704312,0,0,0
2017,E704148,0,0,0
2017,E704729,0,0,0
2017,E704907,0,0,0
2017,E705130,0,0,0
2017,E705434,0,0,0
2017,E709896,0,0,0
2017,E712811,0,0,0
2017,E706887,0,0,0
2017,3755962,0,0,0
2017,3752234,0,0,0
2017,E711265,0,0,0
2017,E708617,0,0,0
2017,E706403,0,0,0
2017,E706633,0,0,0
2017,E707219,0,0,0
2017,E713422,23,0,0
2017,E711224,0,0,0
2017,E707000,0,0,0
2017,E707263,0,0,0
2017,E699408,0,0,0
2017,E708509,0,0,0
2017,3658418,0,0,0
2017,E710424,0,0,0
2017,E702148,0,0,0
2017,E697573,0,0,0
2017,3633271,23,0,0
2017,3604498,0,0,0
2017,E702002,0,0,0
2017,E707748,0,0,0
2017,E708415,0,0,0
2017,E708471,0,0,0
2017,E708997,0,0,0
2017,E709789,0,0,0
2017,E709917,0,0,0
2017,E710024,0,0,0
2017,E710133,0,0,0
2017,E710179,0,0,0
2017,E711100,0,0,0
2017,DC & Ob,0,0,0
2017,E661997,0,0,0
2017,E670920,0,0,0
2017,E715833,0,0,0
2017,E710609,0,0,0
2017,E710735,0,0,0
2017,E712429,0,0,0
2017,E712928,0,0,0
2017,E713158,0,0,0
2017,E711580,0,0,0
2017,E717141,0,0,0
2017,E713128,0,0,0
2017,E714175,24,0,0
2017,E708623,0,0,0
2017,E715290,0,0,0
2017,E718835,0,0,0
2017,E716020,0,0,0
2017,E716406,0,0,0
2017,E714634,0,0,0
2017,E715263,0,0,0
2017,E715997,0,0,0
2017,E716082,0,0,0
2017,E716150,0,0,0
2017,E718363,0,0,0
2017,E713668,0,0,0
2017,E716666,19,0,0
2017,E710103,0,0,0
2017,E688002,0,0,0
2017,E716276,0,0,0
2017,E716663,0,0,0
2017,E716733,0,0,0
2017,E721335,0,0,0
2017,E719219,0,0,0
2017,E717843,0,0,0
2017,E718526,0,0,0
2017,E721337,0,0,0
2017,E721086,0,0,0
2017,E717543,14,0,0
2017,E711056,0,0,0
2017,E718360,0,0,0
2017,3658374,0,0,0
2017,E721370,0,0,0
2017,E711489,0,0,0
2017,E719375,0,0,0
2017,E716718,0,0,0
2017,E768481,0,0,0
2017,E721588,0,0,0
2017,E718794,0,0,0
2017,E719488,0,0,0
2017,E726244,0,0,0
2017,3658425,0,0,0
2017,E720718,0,0,0
2017,E720099,0,0,0
2017,3659753,0,0,0
2017,E720823,0,0,0
2017,E721634,0,0,0
2017,E721081,0,0,0
2017,E721288,0,0,0
2017,E721775,0,0,0
2017,E726850,0,0,0
2017,E725861,0,0,0
2017,E732654,0,0,0
2017,E720304,0,0,0
2017,E722375,0,0,0
2017,E728730,0,0,0
2017,E723014,0,0,0
2017,E725274,0,0,0
2017,E723885,0,0,0
2017,3753424,0,0,0
2017,E726894,0,0,0
2017,2915831,0,0,0
2017,E732107,0,0,0
2017,E729964,0,0,0
2017,E728532,0,0,0
2017,E727404,0,0,0
2017,E728122,0,0,0
2017,E728240,0,0,0
2017,E720789,0,0,0
2017,E728776,0,0,0
2017,E733974,19,0,0
2017,E717650,0,0,0
2017,E731604,0,0,0
2017,3753162,0,0,0
2017,3658375,0,0,0
2017,3764453,0,0,0
2017,E728921,0,0,0
2017,E734038,0,0,0
2017,E729623,0,0,0
2017,E728968,0,0,0
2017,E733975,0,0,0
2017,E731602,0,0,0
2017,E732289,0,0,0
2017,E765189,0,0,0
2017,0Tech &,0,0,0
2017,E728291,0,0,0
2017,E733425,0,0,0
2017,E731150,0,0,0
2017,E720750,0,0,0
2017,3659769,0,0,0
2017,E731718,0,0,0
2017,E745012,0,0,0
2017,E734615,0,0,0
2017,E759193,0,0,0
2017,E732281,0,0,0
2017,E734043,0,0,0
2017,E738290,0,0,0
2017,E732624,0,0,0
2017,E735207,0,0,0
2017,E733004,0,0,0
2017,E733846,0,0,0
2017,E735479,0,0,0
2017,E733876,0,0,0
2017,E737847,15,23,0
2017,E738307,0,0,0
2017,E738191,0,0,0
2017,E735918,0,0,0
2017,E735956,0,0,0
2017,E736595,0,0,0
2017,E740769,23,0,0
2017,E754695,0,0,0
2017,E740061,0,0,0
2017,E742491,0,0,0
2017,E739914,0,0,0
2017,E740343,0,0,0
2017,E734122,23,0,0
2017,E733845,0,0,0
2017,E741248,0,0,0
2017,E739087,0,0,0
2017,3726113,0,0,0
2017,E738643,0,0,0
2017,E744683,0,0,0
2017,E747588,0,0,0
2017,E770794,0,0,0
2017,E731942,0,0,0
2017,3764567,0,0,0
2017,E773500,0,0,0
2017,3762650,0,0,0
2017,E743140,0,0,0
2017,E743130,0,0,0
2017,E744024,0,0,0
2017,E744245,0,0,0
2017,E752354,0,0,0
2017,E744598,0,0,0
2017,E744778,0,0,0
2017,E745415,0,0,0
2017,E745954,0,0,0
2017,E746877,0,0,0
2017,E746851,0,0,0
2017,E748207,0,0,0
2017,E747067,0,0,0
2017,E753370,0,0,0
2017,3688140,0,0,0
2017,E747398,0,0,0
2017,E747528,0,0,0
2017,E748889,0,0,0
2017,E748935,0,0,0
2017,E749014,0,0,0
2017,E749080,0,0,0
2017,E750315,0,0,0
2017,E751656,0,0,0
2017,3818457,0,0,0
2017,E751231,0,0,0
2017,3748033,0,0,0
2017,E750985,0,0,0
2017,E756162,0,0,0
2017,E753247,0,0,0
2017,E753420,0,0,0
2017,E750734,0,0,0
2017,3661026,0,0,0
2017,E751154,0,0,0
2017,E749500,0,0,0
2017,E754240,0,0,0
2017,E752997,0,0,0
2017,E743501,0,0,0
2017,E756767,0,0,0
2017,E754384,0,0,0
2017,E758417,0,0,0
2017,E750745,0,0,0
2017,3756384,0,0,0
2017,00Media,0,0,0
2017,E744509,0,0,0
2017,E748221,0,0,0
2017,E742810,0,0,0
2017,E746043,0,0,0
2017,17-0332,0,0,0
2018,E754460,0,0,0
2018,E758525,23,0,0
2018,E756648,0,0,0
2018,E755037,0,0,0
2018,E755994,0,0,0
2018,E756221,0,0,0
2018,E756340,0,0,0
2018,E756459,0,0,0
2018,E757875,0,0,0
2018,E757434,0,0,0
2018,E757817,0,0,0
2018,E772796,0,0,0
2018,E757962,0,0,0
2018,E758603,0,0,0
2018,E761241,0,0,0
2018,E760817,0,0,0
2018,E761445,0,0,0
2018,E762010,19,0,0
2018,E762018,0,0,0
2018,E762683,0,0,0
2018,E762689,0,0,0
2018,E762693,0,0,0
2018,E762892,0,0,0
2018,E763008,0,0,0
2018,E764610,0,0,0
2018,E764614,0,0,0
2018,3754152,0,0,0
2018,E764929,0,0,0
2018,E766045,0,0,0
2018,E766774,0,0,0
2018,E762129,0,0,0
2018,E766413,0,0,0
2018,E765941,0,0,0
2018,E766618,23,0,0
2018,E769063,0,0,0
2018,E769093,0,0,0
2018,E769591,0,0,0
2018,E770635,0,0,0
2018,E770752,0,0,0
2018,E770816,0,0,0
2018,E771305,0,0,0
2018,E776162,0,0,0
2018,E772016,0,0,0
2018,E772745,0,0,0
2018,E773448,0,0,0
2018,E773623,0,0,0
2018,E773917,0,0,0
2018,E774125,0,0,0
2018,E774328,0,0,0
2018,3766279,0,0,0
2018,3754437,0,0,0
2018,E778951,14,0,0
2018,E774076,0,0,0
2018,3659664,0,0,0
2018,3660706,0,0,0
2018,E776245,0,0,0
2018,E776103,0,0,0
2018,E776954,0,0,0
2018,E778332,0,0,0
2018,E778214,0,0,0
2018,E777812,0,0,0
2018,E777656,0,0,0
2018,E777589,0,0,0
2018,E777381,0,0,0
2018,E782562,0,0,0
2018,E778675,0,0,0
2018,E779577,0,0,0
2018,E778476,0,0,0
2018,E778793,0,0,0
2018,E778952,0,0,0
2018,E781658,0,0,0
2018,E778087,0,0,0
2018,E779858,0,0,0
2018,E781803,0,0,0
2018,E780687,0,0,0
2018,E781486,0,0,0
2018,E780896,0,0,0
2018,E783573,0,0,0
2018,E788400,0,0,0
2018,E782747,23,0,0
2018,E781575,0,0,0
2018,E781688,0,0,0
2018,E782604,0,0,0
2018,E782976,0,0,0
2018,E783025,0,0,0
2018,E782633,0,0,0
2018,E784840,0,0,0
2018,E786529,0,0,0
2018,E786504,0,0,0
2018,E784570,0,0,0
2018,E786151,0,0,0
2018,E786202,0,0,0
2018,E786526,14,0,0
2018,E786918,0,0,0
2018,E787721,0,0,0
2018,E789909,0,0,0
2018,E796927,0,0,0
2018,E794398,0,0,0
2018,E789337,0,0,0
2018,E790267,0,0,0
2018,E789793,0,0,0
2018,E790778,0,0,0
2018,E790691,0,0,0
2018,E790608,0,0,0
2018,E790526,0,0,0
2018,E793810,0,0,0
2018,E791138,0,0,0
2018,E791515,0,0,0
2018,E791954,0,0,0
2018,E791931,0,0,0
2018,E792217,0,0,0
2018,Coroner,0,0,0
2018,E793894,0,0,0
2018,E789126,0,0,0
2018,3754330,0,0,0
2018,E798796,0,0,0
2018,E794265,0,0,0
2018,E795156,0,0,0
2018,E795721,0,0,0
2018,E795893,0,0,0
2018,E800816,0,0,0
2018,E796796,0,0,0
2018,E797090,0,0,0
2018,E797751,0,0,0
2018,E798156,0,0,0
2018,E798346,0,0,0
2018,E798705,0,0,0
2018,E798888,0,0,0
2018,E800700,0,0,0
2018,E801990,0,0,0
2018,E801415,0,0,0
2018,E799128,0,0,0
2018,E799642,0,0,0
2018,E799941,0,0,0
2018,E802893,0,0,0
2018,E800788,0,0,0
2018,E801189,0,0,0
2018,E801163,0,0,0
2018,E800965,0,0,0
2018,E805433,0,0,0
2018,E802399,0,0,0
2018,E801942,0,0,0
2018,E802094,0,0,0
2018,E802197,0,0,0
2018,E802640,0,0,0
2018,E802895,0,0,0
2018,E802773,0,0,0
2018,E806043,0,0,0
2018,E803360,0,0,0
2018,E803559,0,0,0
2018,E797175,0,0,0
2018,E800090,0,0,0
2018,E806457,0,0,0
2018,E804570,0,0,0
2018,E808678,0,0,0
2018,E806233,0,0,0
2018,E809587,0,0,0
2018,E806406,0,0,0
2018,E811099,0,0,0
2018,E808794,0,0,0
2018,E807736,0,0,0
2018,E804481,0,0,0
2018,E804509,0,0,0
2018,E804742,0,0,0
2018,E805001,0,0,0
2018,E807140,0,0,0
2018,E807878,0,0,0
2018,E807920,0,0,0
2018,E809027,0,0,0
2018,E810649,0,0,0
2018,E808702,14,0,0
2018,E808823,0,0,0
2018,E808868,0,0,0
2018,E811247,0,0,0
2018,E809308,0,0,0
2018,E809533,0,0,0
2018,E809540,0,0,0
2018,3578846,0,0,0
2018,E765451,0,0,0
2018,3575660,0,0,0
2018,E773266,0,0,0
2018,E777184,0,0,0
2018,E781471,0,0,0
2018,E758652,0,0,0
2018,E764286,0,0,0
2018,E809550,0,0,0
2018,E809655,0,0,0
2018,E810448,0,0,0
2018,E811460,0,0,0
2018,E804034,0,0,0
2018,E813636,0,0,0
2018,E812166,0,0,0
2018,E811062,0,0,0
2018,E811422,0,0,0
2018,E811775,0,0,0
2018,E811927,0,0,0
2018,E812083,20,0,0
2018,E812622,0,0,0
2018,E813012,0,0,0
2018,3789538,0,0,0
2018,E813614,14,0,0
2018,E813810,0,0,0
2018,E807599,0,0,0
2018,E814044,0,0,0
2018,E814992,0,0,0
2018,E815065,0,0,0
2018,E815227,0,0,0
2018,E815910,0,0,0
2018,E814424,0,0,0
2018,E816427,14,0,0
2018,E816997,0,0,0
2018,E817585,0,0,0
2018,E816547,0,0,0
2018,E817545,0,0,0
2018,E817122,0,0,0
2018,E816925,0,0,0
2018,E818522,0,0,0
2018,E818652,0,0,0
2018,E818845,0,0,0
2018,E818854,0,0,0
2018,E819244,0,0,0
2018,E819247,0,0,0
2018,E819370,0,0,0
2018,E817971,0,0,0
2018,E820628,0,0,0
2018,E819635,0,0,0
2018,E818929,0,0,0
2018,E819461,0,0,0
2018,3756469,0,0,0
2018,E819271,0,0,0
2018,E819564,14,0,0
2018,E822709,14,0,0
2018,E817815,0,0,0
2018,E817747,0,0,0
2018,E820775,0,0,0
2018,E817299,0,0,0
2018,E817508,0,0,0
2018,E819958,0,0,0
2018,E820785,0,0,0
2018,E818013,0,0,0
2018,E818105,0,0,0
2018,E820253,0,0,0
2018,E820260,0,0,0
2018,E820291,0,0,0
2018,E820893,0,0,0
2018,E821090,0,0,0
2018,E821202,0,0,0
2018,E821507,0,0,0
2018,E821586,0,0,0
2018,E821666,0,0,0
2018,E821699,0,0,0
2018,E821957,0,0,0
2018,E822207,0,0,0
2018,E823081,0,0,0
2018,E823432,0,0,0
2018,E823631,0,0,0
2018,E823717,0,0,0
2018,E823902,0,0,0
2018,E824798,0,0,0
2018,E824918,0,0,0
2018,E826046,0,0,0
2018,E826099,0,0,0
2018,E826143,0,0,0
2018,E826153,0,0,0
2018,E826592,0,0,0
2018,E827448,0,0,0
2018,E827913,0,0,0
2018,E827924,0,0,0
2018,E828062,0,0,0
2018,E828065,0,0,0
2018,E828112,14,0,0
2018,E829063,0,0,0
2018,E824099,0,0,0
2018,E824109,0,0,0
2018,E826988,0,0,0
2018,E827444,0,0,0
2018,E829010,0,0,0
2018,E829556,0,0,0
2018,E829957,0,0,0
2018,E829993,0,0,0
2018,E830098,0,0,0
2018,E822181,0,0,0
2018,3789562,0,0,0
2018,E830051,0,0,0
2018,E830321,0,0,0
2018,E830626,0,0,0
2018,3751258,0,0,0
2018,E834139,0,0,0
2018,E829235,0,0,0
2018,E833846,0,0,0
2018,E833892,0,0,0
2018,E822515,0,0,0
2018,E834316,0,0,0
2018,E834659,0,0,0
2018,E834660,0,0,0
2018,E835071,0,0,0
2018,E835105,0,0,0
2018,E822897,0,0,0
2018,E832464,20,0,0
2018,2709956,0,0,0
2018,E830739,0,0,0
2018,E835661,0,0,0
2018,E835692,0,0,0
2018,E836017,0,0,0
2018,E836350,0,0,0
2018,E833280,0,0,0
2018,E830966,0,0,0
2018,E831476,0,0,0
2018,E832380,0,0,0
2018,E832575,0,0,0
2018,E832509,0,0,0
2018,E836826,0,0,0
2018,E836878,0,0,0
2018,E836976,0,0,0
2018,E837100,0,0,0
2018,E837393,0,0,0
2018,E837725,0,0,0
2018,E837794,0,0,0
2018,E837994,0,0,0
2018,E838120,0,0,0
2018,E838192,0,0,0
2018,E838368,0,0,0
2018,E838650,0,0,0
2018,E838740,0,0,0
2018,E839009,0,0,0
2018,E837709,0,0,0
2018,E839419,0,0,0
2018,E839476,0,0,0
2018,E839884,0,0,0
2018,E840255,0,0,0
2018,E840297,0,0,0
2018,E840434,0,0,0
2018,E841053,0,0,0
2018,E843063,0,0,0
2018,E844411,0,0,0
2018,E844453,0,0,0
2018,E815070,0,0,0
2018,E839737,0,0,0
2018,E840642,0,0,0
2018,E845515,0,0,0
2018,E845611,0,0,0
2018,E846367,0,0,0
2018,E846785,0,0,0
2018,E846824,0,0,0
2018,E818308,0,0,0
2018,E845488,0,0,0
2018,E847435,0,0,0
2018,E847521,0,0,0
2018,E841212,0,0,0
2018,E839859,0,0,0
2018,3751710,0,0,0
2018,E848117,0,0,0
2018,E848125,0,0,0
2018,E848331,0,0,0
2018,E848478,0,0,0
2018,E848776,0,0,0
2018,E849074,0,0,0
2018,E849167,19,0,0
2018,E849185,0,0,0
2018,E849453,0,0,0
2018,E849902,0,0,0
2018,E850067,0,0,0
2018,E851101,0,0,0
2018,E851269,0,0,0
2018,E851494,0,0,0
2018,E851684,0,0,0
2018,E852814,0,0,0
2018,E843470,0,0,0
2018,E817446,0,0,0
2018,E853014,20,0,0
2018,E853089,0,0,0
2018,E853710,0,0,0
2018,E853812,0,0,0
2018,E824877,0,0,0
2018,E844987,0,0,0
2018,E854932,0,0,0
2018,3746668,0,0,0
2018,E855214,0,0,0
2018,E855368,0,0,0
2018,E855382,0,0,0
2018,E855512,0,0,0
2018,E855891,0,0,0
2018,E856029,0,0,0
2018,E856808,0,0,0
2018,E856916,0,0,0
2018,E857085,0,0,0
2018,E857161,0,0,0
2018,E857304,0,0,0
2018,E857393,0,0,0
2018,E857487,0,0,0
2018,E857585,0,0,0
2018,E857842,0,0,0
2018,E850607,0,0,0
2018,E858776,0,0,0
2018,E859114,0,0,0
2018,E859394,0,0,0
2018,E859476,0,0,0
2018,E859813,0,0,0
2018,E852018,0,0,0
2018,E860831,0,0,0
2018,E856061,0,0,0
2018,E860914,0,0,0
2018,E861465,0,0,0
2018,E861527,0,0,0
2018,E861644,0,0,0
2018,E861807,0,0,0
2018,E862451,0,0,0
2018,E862525,0,0,0
2018,E862716,0,0,0
2018,E852372,0,0,0
2018,E852066,0,0,0
2018,E863272,0,0,0
2018,E863974,0,0,0
2018,E864200,0,0,0
2018,E864453,0,0,0
2018,E864572,0,0,0
2018,E864686,0,0,0
2018,E864873,0,0,0
2018,E865205,0,0,0
2018,E865455,14,0,0
2018,E866214,0,0,0
2018,E866544,0,0,0
2018,E867158,0,0,0
2018,E865592,0,0,0
2018,E867303,0,0,0
2018,E867440,0,0,0
2018,E867791,0,0,0
2018,E867897,0,0,0
2018,E868257,0,0,0
2018,E868356,0,0,0
2018,E868426,0,0,0
2018,E868435,0,0,0
2018,E858418,0,0,0
2018,E860990,0,0,0
2018,E868699,0,0,0
2018,E868733,0,0,0
2018,E868734,0,0,0
2018,E868930,0,0,0
2018,E870976,0,0,0
2018,E871028,0,0,0
2018,E871120,0,0,0
2018,E871292,0,0,0
2018,E871410,0,0,0
2018,E871534,0,0,0
2018,E872038,0,0,0
2018,E872248,0,0,0
2018,E872691,0,0,0
2018,E872857,0,0,0
2018,E872897,0,0,0
2018,E872902,0,0,0
2018,E872998,0,0,0
2018,E873054,0,0,0
2018,E873114,0,0,0
2018,E874030,0,0,0
2018,E874079,0,0,0
2018,E874335,0,0,0
2018,E873992,0,0,0
2018,E874638,0,0,0
2018,E875914,0,0,0
2018,E876580,0,0,0
2018,E876928,0,0,0
2018,E877198,0,0,0
2018,E877471,0,0,0
2018,E877730,0,0,0
2018,E878609,14,0,0
2018,E879767,23,0,0
2018,E880236,0,0,0
2018,E880661,0,0,0
2018,E880701,0,0,0
2018,E881029,0,0,0
2018,0MEDIA1,0,0,0
2018,E866907,0,0,0
2018,E883495,0,0,0
2018,E885282,0,0,0
2018,E862015,0,0,0
2018,E868097,0,0,0
2018,E866251,0,0,0
2018,E887160,0,0,0
2018,3795979,0,0,0
2018,E876253,0,0,0
2018,3767141,0,0,0
2018,E890327,0,0,0
2018,Media_D,0,0,0
2018,E854361,0,0,0
2018,E867469,0,0,0
2018,E857686,0,0,0
2018,E898995,0,0,0
2018,E812564,20,0,0
2018,E815953,0,0,0
2018,E945130,0,0,0
2019,E880191,0,0,0
2019,E880983,0,0,0
2019,E882539,0,0,0
2019,E882638,0,0,0
2019,E878909,0,0,0
2019,E880474,0,0,0
2019,E881215,0,0,0
2019,E881311,0,0,0
2019,E881365,0,0,0
2019,E882420,0,0,0
2019,E883197,0,0,0
2019,E883511,0,0,0
2019,E883702,0,0,0
2019,E883042,0,0,0
2019,E884294,0,0,0
2019,E884315,0,0,0
2019,E884708,14,0,0
2019,E885651,0,0,0
2019,E885827,0,0,0
2019,E885996,0,0,0
2019,E886569,0,0,0
2019,E886916,0,0,0
2019,E884741,0,0,0
2019,E886225,0,0,0
2019,E887024,0,0,0
2019,E887053,0,0,0
2019,E887107,0,0,0
2019,E887454,0,0,0
2019,E887804,0,0,0
2019,E887858,0,0,0
2019,E888005,0,0,0
2019,E888548,0,0,0
2019,E889102,0,0,0
2019,E890097,0,0,0
2019,E890289,0,0,0
2019,E890328,0,0,0
2019,E890893,0,0,0
2019,E891885,0,0,0
2019,E891889,0,0,0
2019,E894113,0,0,0
2019,E894129,0,0,0
2019,E894576,0,0,0
2019,E894886,23,0,0
2019,E894941,0,0,0
2019,E895128,0,0,0
2019,E895186,0,0,0
2019,E895374,0,0,0
2019,E896721,0,0,0
2019,E897149,0,0,0
2019,E897242,0,0,0
2019,E897631,0,0,0
2019,E897680,0,0,0
2019,E897773,0,0,0
2019,E897795,0,0,0
2019,E898880,0,0,0
2019,E899053,0,0,0
2019,E899099,0,0,0
2019,E899233,0,0,0
2019,E899305,0,0,0
2019,E899434,0,0,0
2019,E899661,0,0,0
2019,E900266,0,0,0
2019,E899642,19,0,0
2019,3748144,0,0,0
2019,E900965,0,0,0
2019,E882470,0,0,0
2019,E901420,0,0,0
2019,E902965,0,0,0
2019,E902989,0,0,0
2019,E903630,0,0,0
2019,E903900,14,0,0
2019,E904233,20,0,0
2019,E904315,0,0,0
2019,3581458,0,0,0
2019,E904788,0,0,0
2019,E904999,0,0,0
2019,E901603,0,0,0
2019,E903805,0,0,0
2019,E905386,0,0,0
2019,E905389,0,0,0
2019,E905622,0,0,0
2019,E905625,0,0,0
2019,E885424,0,0,0
2019,E906372,0,0,0
2019,E906407,23,0,0
2019,E906643,0,0,0
2019,E907057,0,0,0
2019,E880511,0,0,0
2019,E907243,0,0,0
2019,E907254,0,0,0
2019,E907632,0,0,0
2019,E907862,0,0,0
2019,E907896,0,0,0
2019,E907952,0,0,0
2019,E907496,0,0,0
2019,E908332,0,0,0
2019,E908698,0,0,0
2019,E908443,0,0,0
2019,E886959,0,0,0
2019,E909663,0,0,0
2019,E909777,0,0,0
2019,E910021,0,0,0
2019,E910563,0,0,0
2019,3810331,0,0,0
2019,E911226,0,0,0
2019,E899539,0,0,0
2019,E912871,0,0,0
2019,E912921,0,0,0
2019,E913433,0,0,0
2019,E910672,14,0,0
2019,E913639,0,0,0
2019,3753164,0,0,0
2019,E913863,0,0,0
2019,E914827,0,0,0
2019,E914828,0,0,0
2019,E914919,0,0,0
2019,E915182,0,0,0
2019,E915297,0,0,0
2019,E915428,0,0,0
2019,E915551,0,0,0
2019,E902346,0,0,0
2019,E915971,0,0,0
2019,E916263,0,0,0
2019,E916308,0,0,0
2019,E916672,0,0,0
2019,E916778,0,0,0
2019,E917036,0,0,0
2019,E917267,0,0,0
2019,E917596,0,0,0
2019,E917791,0,0,0
2019,E917953,0,0,0
2019,E901642,0,0,0
2019,E918789,23,0,0
2019,E902079,0,0,0
2019,E918060,0,0,0
2019,E918296,0,0,0
2019,E919553,0,0,0
2019,E919740,0,0,0
2019,E920493,0,0,0
2019,E886418,0,0,0
2019,3706023,0,0,0
2019,E920450,0,0,0
2019,E921240,0,0,0
2019,E921356,0,0,0
2019,E921488,0,0,0
2019,E922494,0,0,0
2019,E922808,0,0,0
2019,E922858,0,0,0
2019,E923527,0,0,0
2019,E924152,0,0,0
2019,E924278,0,0,0
2019,E924363,0,0,0
2019,E922598,0,0,0
2019,E923395,0,0,0
2019,E925995,0,0,0
2019,E926374,0,0,0
2019,E926447,0,0,0
2019,3690844,0,0,0
2019,3727925,0,0,0
2019,E926609,0,0,0
2019,E926809,0,0,0
2019,E926984,0,0,0
2019,E927566,0,0,0
2019,E906586,0,0,0
2019,E908752,0,0,0
2019,E927685,0,0,0
2019,E927693,0,0,0
2019,E927748,0,0,0
2019,E927874,0,0,0
2019,E928636,0,0,0
2019,E928744,0,0,0
2019,E928933,0,0,0
2019,E929083,0,0,0
2019,E929090,0,0,0
2019,E929213,0,0,0
2019,E929760,0,0,0
2019,E928835,0,0,0
2019,E929483,0,0,0
2019,E929696,0,0,0
2019,E930005,0,0,0
2019,E930127,0,0,0
2019,E908378,0,0,0
2019,E918788,0,0,0
2019,E916731,0,0,0
2019,E930330,0,0,0
2019,E905934,0,0,0
2019,E932603,0,0,0
2019,E933262,0,0,0
2019,E919375,0,0,0
2019,E934410,0,0,0
2019,E933789,14,0,0
2019,E934230,0,0,0
2019,E934303,0,0,0
2019,E934621,0,0,0
2019,E934696,0,0,0
2019,E934932,0,0,0
2019,E935032,0,0,0
2019,E935214,0,0,0
2019,E935247,0,0,0
2019,3811559,0,0,0
2019,E919639,0,0,0
2019,E934239,0,0,0
2019,E935287,0,0,0
2019,E935340,0,0,0
2019,E935754,0,0,0
2019,E932092,0,0,0
2019,E918172,0,0,0
2019,E936436,0,0,0
2019,E936846,0,0,0
2019,E937123,0,0,0
2019,E937515,0,0,0
2019,E937770,0,0,0
2019,E937824,0,0,0
2019,E938426,0,0,0
2019,E938584,0,0,0
2019,E938697,0,0,0
2019,E938714,0,0,0
2019,3767144,0,0,0
2019,E939463,0,0,0
2019,E939714,0,0,0
2019,E939885,0,0,0
2019,E939908,14,0,0
2019,E940194,0,0,0
2019,E940241,0,0,0
2019,E940384,0,0,0
2019,E930471,0,0,0
2019,E941099,0,0,0
2019,E941412,0,0,0
2019,E941427,0,0,0
2019,E941558,0,0,0
2019,E941590,0,0,0
2019,E941869,0,0,0
2019,E942131,0,0,0
2019,E942417,0,0,0
2019,E942516,0,0,0
2019,E942668,0,0,0
2019,E944270,0,0,0
2019,E943969,0,0,0
2019,E944110,0,0,0
2019,E944151,0,0,0
2019,E944172,0,0,0
2019,E944303,0,0,0
2019,E944660,0,0,0
2019,E944760,0,0,0
2019,E945239,0,0,0
2019,E945442,0,0,0
2019,E945444,0,0,0
2019,E945534,0,0,0
2019,E945425,0,0,0
2019,E945674,0,0,0
2019,E945795,0,0,0
2019,E945822,0,0,0
2019,E945943,0,0,0
2019,E946041,0,0,0
2019,3692982,0,0,0
2019,E933707,0,0,0
2019,E945003,0,0,0
2019,E947668,0,0,0
2019,E946448,0,0,0
2019,E946872,0,0,0
2019,E946931,0,0,0
2019,E946977,0,0,0
2019,E947144,0,0,0
2019,E947666,0,0,0
2019,E948081,0,0,0
2019,E948106,0,0,0
2019,E948235,0,0,0
2019,E948471,0,0,0
2019,3752584,0,0,0
2019,E944819,0,0,0
2019,E948517,0,0,0
2019,E926146,0,0,0
2019,E948778,0,0,0
2019,E949359,0,0,0
2019,E949442,0,0,0
2019,E949475,0,0,0
2019,E949621,0,0,0
2019,E943557,0,0,0
2019,E949994,0,0,0
2019,E951171,0,0,0
2019,E951465,0,0,0
2019,E951750,0,0,0
2019,E951809,0,0,0
2019,E951931,0,0,0
2019,E952454,0,0,0
2019,E924722,0,0,0
2019,E952976,0,0,0
2019,E953429,0,0,0
2019,E953822,0,0,0
2019,E954177,19,0,0
2019,E954301,0,0,0
2019,E938326,0,0,0
2019,E954769,0,0,0
2019,E955423,0,0,0
2019,E955436,0,0,0
2019,E955916,0,0,0
2019,E956253,0,0,0
2019,E957141,0,0,0
2019,E957223,0,0,0
2019,E957257,0,0,0
2019,E953543,0,0,0
2019,E957982,0,0,0
2019,E957923,0,0,0
2019,E958461,0,0,0
2019,E959103,0,0,0
2019,3795706,0,0,0
2019,E922378,0,0,0
2019,E944034,0,0,0
2019,E951909,0,0,0
2019,E953447,0,0,0
2019,E957569,0,0,0
2019,E957866,0,0,0
2019,E957985,0,0,0
2019,E957138,0,0,0
2019,E958440,0,0,0
2019,E959445,14,23,0
2019,E959510,0,0,0
2019,E960295,0,0,0
2019,E960431,0,0,0
2019,E960514,19,0,0
2019,E924399,0,0,0
2019,E961241,0,0,0
2019,E961539,0,0,0
2019,E961693,0,0,0
2019,E961830,0,0,0
2019,E961901,0,0,0
2019,E962250,0,0,0
2019,E959764,0,0,0
2019,E962462,0,0,0
2019,E963016,0,0,0
2019,E963336,0,0,0
2019,E963892,0,0,0
2019,E964395,0,0,0
2019,E964781,0,0,0
2019,E965054,0,0,0
2019,E965465,0,0,0
2019,E965498,0,0,0
2019,E966298,0,0,0
2019,E967144,0,0,0
2019,E967503,0,0,0
2019,E967832,0,0,0
2019,E967901,0,0,0
2019,E968056,0,0,0
2019,E968196,0,0,0
2019,E968352,0,0,0
2019,E968513,0,0,0
2019,E969027,0,0,0
2019,3796019,0,0,0
2019,E969643,0,0,0
2019,E970645,0,0,0
2019,E970646,0,0,0
2019,E970674,0,0,0
2019,E970943,0,0,0
2019,E970986,0,0,0
2019,E971402,0,0,0
2019,E971389,0,0,0
2019,E971669,0,0,0
2019,E959018,0,0,0
2019,3709713,0,0,0
2019,E972093,0,0,0
2019,E972260,0,0,0
2019,E972516,0,0,0
2019,E972885,0,0,0
2019,E973005,15,23,0
2019,E974167,0,0,0
2019,E974237,0,0,0
2019,E974324,0,0,0
2019,E974380,0,0,0
2019,E975728,0,0,0
2019,E975944,0,0,0
2019,E975663,0,0,0
2019,E975794,0,0,0
2019,E976023,14,0,0
2019,E976486,0,0,0
2019,E976496,0,0,0
2019,E976629,14,0,0
2019,E976671,0,0,0
2019,3705992,0,0,0
2019,E977568,0,0,0
2019,E977758,0,0,0
2019,E978024,0,0,0
2019,E978427,0,0,0
2019,EA21730,0,0,0
2019,E978797,0,0,0
2019,E978866,0,0,0
2019,E979909,20,0,0
2019,E963305,0,0,0
2019,E968496,0,0,0
2019,E979944,0,0,0
2019,E980328,0,0,0
2019,E980645,0,0,0
2019,E980699,0,0,0
2019,E981386,0,0,0
2019,E981543,0,0,0
2019,E981624,0,0,0
2019,E982012,0,0,0
2019,E979357,0,0,0
2019,E982343,0,0,0
2019,E982413,0,0,0
2019,E982840,0,0,0
2019,E983590,0,0,0
2019,E983667,0,0,0
2019,E983677,0,0,0
2019,E981655,0,0,0
2019,E984511,0,0,0
2019,E985772,0,0,0
2019,E985936,0,0,0
2019,E985970,0,0,0
2019,E987024,0,0,0
2019,E987256,0,0,0
2019,E987417,0,0,0
2019,E987639,0,0,0
2019,E987726,0,0,0
2019,E987951,0,0,0
2019,E988647,20,0,0
2019,E989084,0,0,0
2019,3384575,0,0,0
2019,E990421,0,0,0
2019,E990638,0,0,0
2019,E991064,0,0,0
2019,E991120,0,0,0
2019,E991404,0,0,0
2019,E991650,0,0,0
2019,E991663,0,0,0
2019,E991848,0,0,0
2019,E988133,0,0,0
2019,E992424,0,0,0
2019,E993268,0,0,0
2019,E993770,0,0,0
2019,E994060,0,0,0
2019,E994233,0,0,0
2019,E994471,0,0,0
2019,E997028,0,0,0
2019,E994918,0,0,0
2019,E994935,0,0,0
2019,E995304,0,0,0
2019,E996124,0,0,0
2019,E996708,0,0,0
2019,E996994,0,0,0
2019,E997096,0,0,0
2019,E997746,0,0,0
2019,E997561,0,0,0
2019,E997925,0,0,0
2019,E998093,0,0,0
2019,E998114,0,0,0
2019,E998216,0,0,0
2019,E998475,0,0,0
2019,E998531,0,0,0
2019,E998611,0,0,0
2019,E998686,0,0,0
2019,E999084,0,0,0
2019,E998894,20,0,0
2019,E995586,0,0,0
2019,E999528,0,0,0
2019,E999626,0,0,0
2019,E999821,0,0,0
2019,E999878,0,0,0
2019,EA00402,0,0,0
2019,EA00816,0,0,0
2019,E992886,0,0,0
2019,EA01593,0,0,0
2019,EA01917,7,0,0
2019,E982845,0,0,0
2019,E985989,0,0,0
2019,E986976,0,0,0
2019,3754063,0,0,0
2019,3824332,0,0,0
2019,3736820,0,0,0
2019,E994300,0,0,0
2019,E994426,0,0,0
2019,E995595,0,0,0
2019,E995911,0,0,0
2019,E996301,0,0,0
2019,3658285,0,0,0
2019,E927755,0,0,0
2019,3806728,0,0,0
2019,E997525,0,0,0
2019,E984535,0,0,0
2019,EA06086,19,23,0
2019,E993811,0,0,0
2019,EA00856,0,0,0
2019,E995033,0,0,0
2019,EA14388,0,0,0
2019,E959529,0,0,0
2019,3762692,0,0,0
2019,E902536,0,0,0
2019,E941519,0,0,0
2019,E983710,0,0,0
2019,EA20867,23,0,0
2019,3751331,0,0,0
2019,E942491,0,0,0
2019,E960349,0,0,0
2019,EA85528,0,0,0
2019,E944659,0,0,0
2019,E937972,0,0,0
2019,E879054,0,0,0
2019,E889208,20,0,0
2019,E889136,0,0,0
2019,E900630,0,0,0
2019,E902970,0,0,0
2019,3752636,0,0,0
2019,E927292,0,0,0
2019,E920826,0,0,0
2019,E935293,0,0,0
2019,3805935,0,0,0
2019,E964563,0,0,0
2019,E986677,0,0,0
2019,3810169,0,0,0
2019,E947747,0,0,0
2019,E965708,0,0,0
2019,E977114,0,0,0
2019,E995792,0,0,0
2019,E989720,0,0,0
